Edition,Sport,NOC
1968,Aquatics,ITA
1968,Aquatics,TCH
1968,Aquatics,USA
1968,Aquatics,USA
1968,Aquatics,GDR
1968,Aquatics,USA
1968,Aquatics,USA
1968,Aquatics,YUG
1968,Aquatics,USA
1968,Aquatics,AUS
1968,Aquatics,AUS
1968,Aquatics,USA
1968,Aquatics,USA
1968,Aquatics,GDR
1968,Aquatics,USA
1968,Aquatics,MEX
1968,Aquatics,USA
1968,Aquatics,USA
1968,Aquatics,NED
1968,Aquatics,AUS
1968,Aquatics,USA
1968,Aquatics,USA
1968,Aquatics,USA
1968,Aquatics,USA
1968,Aquatics,USA
1968,Aquatics,USA
1968,Aquatics,USA
1968,Aquatics,USA
1968,Aquatics,USA
1968,Aquatics,USA
1968,Aquatics,USA
1968,Aquatics,USA
1968,Aquatics,USA
1968,Aquatics,YUG
1968,Athletics,KEN
1968,Athletics,USA
1968,Athletics,USA
1968,Athletics,USA
1968,Athletics,KEN
1968,Athletics,USA
1968,Athletics,POL
1968,Athletics,URS
1968,Athletics,KEN
1968,Athletics,USA
1968,Athletics,FRA
1968,Athletics,GBR
1968,Athletics,USA
1968,Athletics,USA
1968,Athletics,USA
1968,Athletics,TUN
1968,Athletics,GDR
1968,Athletics,AUS
1968,Athletics,USA
1968,Athletics,AUS
1968,Athletics,USA
1968,Athletics,USA
1968,Athletics,ROU
1968,Athletics,HUN
1968,Athletics,USA
1968,Athletics,TCH
1968,Athletics,URS
1968,Athletics,HUN
1968,Athletics,USA
1968,Athletics,ROU
1968,Athletics,ETH
1968,Athletics,FRG
1968,Athletics,USA
1968,Athletics,USA
1968,Athletics,GDR
1968,Athletics,URS
1968,Basketball,USA
1968,Boxing,VEN
1968,Boxing,USA
1968,Boxing,MEX
1968,Boxing,URS
1968,Boxing,MEX
1968,Boxing,USA
1968,Boxing,POL
1968,Boxing,GDR
1968,Boxing,URS
1968,Boxing,GBR
1968,Boxing,URS
1968,Canoe / Kayak,HUN
1968,Canoe / Kayak,ROU
1968,Canoe / Kayak,HUN
1968,Canoe / Kayak,URS
1968,Canoe / Kayak,URS
1968,Canoe / Kayak,FRG
1968,Canoe / Kayak,NOR
1968,Cycling,ITA
1968,Cycling,NED
1968,Cycling,FRA
1968,Cycling,FRA
1968,Cycling,FRA
1968,Cycling,FRA
1968,Cycling,DEN
1968,Equestrian,URS
1968,Equestrian,FRG
1968,Equestrian,FRA
1968,Equestrian,GBR
1968,Equestrian,USA
1968,Equestrian,CAN
1968,Fencing,HUN
1968,Fencing,HUN
1968,Fencing,ROU
1968,Fencing,URS
1968,Fencing,FRA
1968,Fencing,URS
1968,Fencing,POL
1968,Fencing,URS
1968,Football,HUN
1968,Gymnastics,URS
1968,Gymnastics,JPN
1968,Gymnastics,TCH
1968,Gymnastics,URS
1968,Gymnastics,JPN
1968,Gymnastics,URS
1968,Gymnastics,JPN
1968,Gymnastics,TCH
1968,Gymnastics,JPN
1968,Gymnastics,YUG
1968,Gymnastics,JPN
1968,Gymnastics,JPN
1968,Gymnastics,URS
1968,Gymnastics,TCH
1968,Gymnastics,URS
1968,Gymnastics,TCH
1968,Hockey,PAK
1968,Modern Pentathlon,SWE
1968,Modern Pentathlon,HUN
1968,Rowing,GDR
1968,Rowing,URS
1968,Rowing,FRG
1968,Rowing,GDR
1968,Rowing,NZL
1968,Rowing,ITA
1968,Rowing,NED
1968,Sailing,SWE
1968,Sailing,USA
1968,Sailing,GBR
1968,Sailing,URS
1968,Sailing,USA
1968,Shooting,POL
1968,Shooting,USA
1968,Shooting,URS
1968,Shooting,FRG
1968,Shooting,TCH
1968,Shooting,URS
1968,Shooting,GBR
1968,Volleyball,URS
1968,Volleyball,URS
1968,Weightlifting,IRI
1968,Weightlifting,URS
1968,Weightlifting,JPN
1968,Weightlifting,POL
1968,Weightlifting,URS
1968,Weightlifting,URS
1968,Weightlifting,FIN
1968,Wrestling,JPN
1968,Wrestling,URS
1968,Wrestling,JPN
1968,Wrestling,JPN
1968,Wrestling,IRI
1968,Wrestling,TUR
1968,Wrestling,URS
1968,Wrestling,TUR
1968,Wrestling,BUL
1968,Wrestling,HUN
1968,Wrestling,HUN
1968,Wrestling,URS
1968,Wrestling,JPN
1968,Wrestling,GDR
1968,Wrestling,GDR
1968,Wrestling,BUL
1972,Aquatics,ITA
1972,Aquatics,SWE
1972,Aquatics,URS
1972,Aquatics,USA
1972,Aquatics,GDR
1972,Aquatics,USA
1972,Aquatics,JPN
1972,Aquatics,USA
1972,Aquatics,USA
1972,Aquatics,JPN
1972,Aquatics,USA
1972,Aquatics,USA
1972,Aquatics,USA
1972,Aquatics,GDR
1972,Aquatics,USA
1972,Aquatics,USA
1972,Aquatics,AUS
1972,Aquatics,USA
1972,Aquatics,USA
1972,Aquatics,USA
1972,Aquatics,AUS
1972,Aquatics,SWE
1972,Aquatics,AUS
1972,Aquatics,AUS
1972,Aquatics,AUS
1972,Aquatics,SWE
1972,Aquatics,AUS
1972,Aquatics,USA
1972,Aquatics,USA
1972,Aquatics,USA
1972,Aquatics,USA
1972,Aquatics,USA
1972,Aquatics,USA
1972,Aquatics,URS
1972,Archery,USA
1972,Archery,USA
1972,Athletics,FIN
1972,Athletics,URS
1972,Athletics,GDR
1972,Athletics,GDR
1972,Athletics,USA
1972,Athletics,FIN
1972,Athletics,URS
1972,Athletics,URS
1972,Athletics,GDR
1972,Athletics,GDR
1972,Athletics,KEN
1972,Athletics,USA
1972,Athletics,GDR
1972,Athletics,UGA
1972,Athletics,USA
1972,Athletics,FRG
1972,Athletics,KEN
1972,Athletics,GDR
1972,Athletics,FIN
1972,Athletics,FRG
1972,Athletics,USA
1972,Athletics,FRG
1972,Athletics,URS
1972,Athletics,TCH
1972,Athletics,URS
1972,Athletics,URS
1972,Athletics,URS
1972,Athletics,FRG
1972,Athletics,FRG
1972,Athletics,GDR
1972,Athletics,USA
1972,Athletics,FRG
1972,Athletics,USA
1972,Athletics,GBR
1972,Athletics,GDR
1972,Athletics,POL
1972,Athletics,URS
1972,Athletics,URS
1972,Basketball,URS
1972,Boxing,HUN
1972,Boxing,CUB
1972,Boxing,BUL
1972,Boxing,CUB
1972,Boxing,URS
1972,Boxing,POL
1972,Boxing,USA
1972,Boxing,CUB
1972,Boxing,FRG
1972,Boxing,URS
1972,Boxing,YUG
1972,Canoe / Kayak,ROU
1972,Canoe / Kayak,URS
1972,Canoe / Kayak,URS
1972,Canoe / Kayak,URS
1972,Canoe / Kayak,URS
1972,Canoe / Kayak,URS
1972,Canoe / Kayak,URS
1972,Canoe / Kayak,GDR
1972,Canoe / Kayak,GDR
1972,Canoe / Kayak,GDR
1972,Canoe / Kayak,GDR
1972,Cycling,NED
1972,Cycling,URS
1972,Cycling,DEN
1972,Cycling,URS
1972,Cycling,NOR
1972,Cycling,FRA
1972,Cycling,FRG
1972,Equestrian,FRG
1972,Equestrian,URS
1972,Equestrian,GBR
1972,Equestrian,GBR
1972,Equestrian,ITA
1972,Equestrian,FRG
1972,Fencing,HUN
1972,Fencing,HUN
1972,Fencing,POL
1972,Fencing,ITA
1972,Fencing,POL
1972,Fencing,URS
1972,Fencing,URS
1972,Fencing,ITA
1972,Football,POL
1972,Gymnastics,URS
1972,Gymnastics,URS
1972,Gymnastics,URS
1972,Gymnastics,JPN
1972,Gymnastics,JPN
1972,Gymnastics,URS
1972,Gymnastics,JPN
1972,Gymnastics,URS
1972,Gymnastics,JPN
1972,Gymnastics,JPN
1972,Gymnastics,URS
1972,Gymnastics,GDR
1972,Gymnastics,GDR
1972,Gymnastics,GDR
1972,Handball,YUG
1972,Hockey,FRG
1972,Judo,JPN
1972,Judo,NED
1972,Judo,JPN
1972,Judo,JPN
1972,Judo,URS
1972,Judo,NED
1972,Modern Pentathlon,HUN
1972,Modern Pentathlon,URS
1972,Rowing,GDR
1972,Rowing,URS
1972,Rowing,NZL
1972,Rowing,GDR
1972,Rowing,FRG
1972,Rowing,GDR
1972,Rowing,URS
1972,Sailing,AUS
1972,Sailing,USA
1972,Sailing,GBR
1972,Sailing,FRA
1972,Sailing,URS
1972,Sailing,AUS
1972,Shooting,POL
1972,Shooting,USA
1972,Shooting,SWE
1972,Shooting,USA
1972,Shooting,PRK
1972,Shooting,URS
1972,Shooting,FRG
1972,Shooting,ITA
1972,Volleyball,JPN
1972,Volleyball,URS
1972,Weightlifting,POL
1972,Weightlifting,URS
1972,Weightlifting,HUN
1972,Weightlifting,BUL
1972,Weightlifting,URS
1972,Weightlifting,BUL
1972,Weightlifting,NOR
1972,Weightlifting,BUL
1972,Weightlifting,URS
1972,Wrestling,URS
1972,Wrestling,URS
1972,Wrestling,JPN
1972,Wrestling,JPN
1972,Wrestling,URS
1972,Wrestling,USA
1972,Wrestling,USA
1972,Wrestling,URS
1972,Wrestling,USA
1972,Wrestling,URS
1972,Wrestling,ROU
1972,Wrestling,URS
1972,Wrestling,BUL
1972,Wrestling,URS
1972,Wrestling,BUL
1972,Wrestling,URS
1972,Wrestling,TCH
1972,Wrestling,HUN
1972,Wrestling,URS
1972,Wrestling,ROU
1976,Aquatics,ITA
1976,Aquatics,URS
1976,Aquatics,USA
1976,Aquatics,USA
1976,Aquatics,USA
1976,Aquatics,GDR
1976,Aquatics,USA
1976,Aquatics,GDR
1976,Aquatics,USA
1976,Aquatics,GDR
1976,Aquatics,USA
1976,Aquatics,GDR
1976,Aquatics,USA
1976,Aquatics,USA
1976,Aquatics,GDR
1976,Aquatics,GBR
1976,Aquatics,URS
1976,Aquatics,USA
1976,Aquatics,GDR
1976,Aquatics,USA
1976,Aquatics,GDR
1976,Aquatics,USA
1976,Aquatics,GDR
1976,Aquatics,USA
1976,Aquatics,GDR
1976,Aquatics,USA
1976,Aquatics,USA
1976,Aquatics,GDR
1976,Aquatics,USA
1976,Aquatics,GDR
1976,Aquatics,HUN
1976,Archery,USA
1976,Archery,USA
1976,Athletics,FIN
1976,Athletics,TRI
1976,Athletics,FRG
1976,Athletics,GDR
1976,Athletics,FRA
1976,Athletics,NZL
1976,Athletics,URS
1976,Athletics,JAM
1976,Athletics,GDR
1976,Athletics,MEX
1976,Athletics,SWE
1976,Athletics,CUB
1976,Athletics,POL
1976,Athletics,USA
1976,Athletics,USA
1976,Athletics,GDR
1976,Athletics,USA
1976,Athletics,GDR
1976,Athletics,FIN
1976,Athletics,CUB
1976,Athletics,URS
1976,Athletics,USA
1976,Athletics,USA
1976,Athletics,GDR
1976,Athletics,URS
1976,Athletics,POL
1976,Athletics,GDR
1976,Athletics,HUN
1976,Athletics,GDR
1976,Athletics,USA
1976,Athletics,GDR
1976,Athletics,GDR
1976,Athletics,GDR
1976,Athletics,POL
1976,Athletics,GDR
1976,Athletics,BUL
1976,Athletics,URS
1976,Basketball,USA
1976,Basketball,URS
1976,Boxing,CUB
1976,Boxing,CUB
1976,Boxing,USA
1976,Boxing,PRK
1976,Boxing,CUB
1976,Boxing,USA
1976,Boxing,USA
1976,Boxing,GDR
1976,Boxing,POL
1976,Boxing,USA
1976,Boxing,USA
1976,Canoe / Kayak,YUG
1976,Canoe / Kayak,URS
1976,Canoe / Kayak,URS
1976,Canoe / Kayak,URS
1976,Canoe / Kayak,GDR
1976,Canoe / Kayak,ROU
1976,Canoe / Kayak,GDR
1976,Canoe / Kayak,URS
1976,Canoe / Kayak,GDR
1976,Canoe / Kayak,URS
1976,Canoe / Kayak,URS
1976,Cycling,SWE
1976,Cycling,URS
1976,Cycling,GDR
1976,Cycling,FRG
1976,Cycling,TCH
1976,Cycling,FRG
1976,Equestrian,SUI
1976,Equestrian,FRG
1976,Equestrian,USA
1976,Equestrian,USA
1976,Equestrian,FRG
1976,Equestrian,FRA
1976,Fencing,FRG
1976,Fencing,SWE
1976,Fencing,ITA
1976,Fencing,HUN
1976,Fencing,FRG
1976,Fencing,URS
1976,Fencing,URS
1976,Fencing,URS
1976,Football,GDR
1976,Gymnastics,ROU
1976,Gymnastics,URS
1976,Gymnastics,URS
1976,Gymnastics,JPN
1976,Gymnastics,URS
1976,Gymnastics,ROU
1976,Gymnastics,JPN
1976,Gymnastics,HUN
1976,Gymnastics,URS
1976,Gymnastics,JPN
1976,Gymnastics,URS
1976,Gymnastics,ROU
1976,Gymnastics,URS
1976,Gymnastics,URS
1976,Handball,URS
1976,Handball,URS
1976,Hockey,NZL
1976,Judo,CUB
1976,Judo,URS
1976,Judo,URS
1976,Judo,JPN
1976,Judo,JPN
1976,Judo,JPN
1976,Modern Pentathlon,POL
1976,Modern Pentathlon,GBR
1976,Rowing,GDR
1976,Rowing,NOR
1976,Rowing,BUL
1976,Rowing,GDR
1976,Rowing,GDR
1976,Rowing,GDR
1976,Rowing,URS
1976,Rowing,GDR
1976,Rowing,BUL
1976,Rowing,GDR
1976,Rowing,GDR
1976,Rowing,GDR
1976,Rowing,FIN
1976,Rowing,GDR
1976,Sailing,FRG
1976,Sailing,DEN
1976,Sailing,FRG
1976,Sailing,GDR
1976,Sailing,SWE
1976,Sailing,GBR
1976,Shooting,GDR
1976,Shooting,GDR
1976,Shooting,USA
1976,Shooting,FRG
1976,Shooting,URS
1976,Shooting,TCH
1976,Shooting,USA
1976,Volleyball,POL
1976,Volleyball,JPN
1976,Weightlifting,URS
1976,Weightlifting,BUL
1976,Weightlifting,URS
1976,Weightlifting,URS
1976,Weightlifting,URS
1976,Weightlifting,BUL
1976,Weightlifting,URS
1976,Weightlifting,URS
1976,Weightlifting,URS
1976,Wrestling,BUL
1976,Wrestling,URS
1976,Wrestling,JPN
1976,Wrestling,URS
1976,Wrestling,KOR
1976,Wrestling,URS
1976,Wrestling,JPN
1976,Wrestling,USA
1976,Wrestling,URS
1976,Wrestling,URS
1976,Wrestling,URS
1976,Wrestling,URS
1976,Wrestling,URS
1976,Wrestling,FIN
1976,Wrestling,POL
1976,Wrestling,URS
1976,Wrestling,URS
1976,Wrestling,YUG
1976,Wrestling,URS
1976,Wrestling,URS
1980,Aquatics,GDR
1980,Aquatics,GDR
1980,Aquatics,URS
1980,Aquatics,URS
1980,Aquatics,SWE
1980,Aquatics,GDR
1980,Aquatics,GBR
1980,Aquatics,GDR
1980,Aquatics,SWE
1980,Aquatics,GDR
1980,Aquatics,GDR
1980,Aquatics,GDR
1980,Aquatics,URS
1980,Aquatics,HUN
1980,Aquatics,GDR
1980,Aquatics,URS
1980,Aquatics,URS
1980,Aquatics,URS
1980,Aquatics,GDR
1980,Aquatics,URS
1980,Aquatics,GDR
1980,Aquatics,URS
1980,Aquatics,GDR
1980,Aquatics,URS
1980,Aquatics,GDR
1980,Aquatics,GDR
1980,Aquatics,AUS
1980,Aquatics,GDR
1980,Aquatics,URS
1980,Aquatics,AUS
1980,Aquatics,URS
1980,Archery,FIN
1980,Archery,URS
1980,Athletics,ETH
1980,Athletics,GBR
1980,Athletics,URS
1980,Athletics,URS
1980,Athletics,GDR
1980,Athletics,GBR
1980,Athletics,URS
1980,Athletics,ITA
1980,Athletics,GDR
1980,Athletics,ITA
1980,Athletics,POL
1980,Athletics,URS
1980,Athletics,GDR
1980,Athletics,GDR
1980,Athletics,URS
1980,Athletics,GDR
1980,Athletics,URS
1980,Athletics,URS
1980,Athletics,ETH
1980,Athletics,GDR
1980,Athletics,GBR
1980,Athletics,URS
1980,Athletics,GBR
1980,Athletics,URS
1980,Athletics,GDR
1980,Athletics,URS
1980,Athletics,GDR
1980,Athletics,ITA
1980,Athletics,URS
1980,Athletics,CUB
1980,Athletics,GDR
1980,Athletics,URS
1980,Athletics,GDR
1980,Athletics,URS
1980,Athletics,POL
1980,Athletics,URS
1980,Athletics,GDR
1980,Athletics,URS
1980,Basketball,YUG
1980,Basketball,URS
1980,Boxing,URS
1980,Boxing,CUB
1980,Boxing,BUL
1980,Boxing,CUB
1980,Boxing,GDR
1980,Boxing,CUB
1980,Boxing,ITA
1980,Boxing,CUB
1980,Boxing,CUB
1980,Boxing,CUB
1980,Boxing,YUG
1980,Canoe / Kayak,BUL
1980,Canoe / Kayak,URS
1980,Canoe / Kayak,ROU
1980,Canoe / Kayak,HUN
1980,Canoe / Kayak,GDR
1980,Canoe / Kayak,URS
1980,Canoe / Kayak,GDR
1980,Canoe / Kayak,URS
1980,Canoe / Kayak,URS
1980,Canoe / Kayak,GDR
1980,Canoe / Kayak,GDR
1980,Cycling,URS
1980,Cycling,URS
1980,Cycling,GDR
1980,Cycling,SUI
1980,Cycling,GDR
1980,Cycling,URS
1980,Equestrian,AUT
1980,Equestrian,URS
1980,Equestrian,ITA
1980,Equestrian,URS
1980,Equestrian,POL
1980,Equestrian,URS
1980,Fencing,SWE
1980,Fencing,FRA
1980,Fencing,URS
1980,Fencing,FRA
1980,Fencing,FRA
1980,Fencing,FRA
1980,Fencing,URS
1980,Fencing,URS
1980,Football,TCH
1980,Gymnastics,ROU
1980,Gymnastics,GDR
1980,Gymnastics,ROU
1980,Gymnastics,URS
1980,Gymnastics,BUL
1980,Gymnastics,URS
1980,Gymnastics,URS
1980,Gymnastics,URS
1980,Gymnastics,HUN
1980,Gymnastics,URS
1980,Gymnastics,URS
1980,Gymnastics,URS
1980,Gymnastics,GDR
1980,Gymnastics,URS
1980,Gymnastics,URS
1980,Handball,GDR
1980,Handball,URS
1980,Hockey,IND
1980,Hockey,ZIM
1980,Judo,FRA
1980,Judo,FRA
1980,Judo,URS
1980,Judo,ITA
1980,Judo,URS
1980,Judo,SUI
1980,Judo,BEL
1980,Judo,GDR
1980,Modern Pentathlon,URS
1980,Modern Pentathlon,URS
1980,Rowing,GDR
1980,Rowing,GDR
1980,Rowing,URS
1980,Rowing,GDR
1980,Rowing,GDR
1980,Rowing,GDR
1980,Rowing,GDR
1980,Rowing,GDR
1980,Rowing,GDR
1980,Rowing,GDR
1980,Rowing,GDR
1980,Rowing,GDR
1980,Rowing,FIN
1980,Rowing,ROU
1980,Sailing,BRA
1980,Sailing,DEN
1980,Sailing,ESP
1980,Sailing,FIN
1980,Sailing,BRA
1980,Sailing,URS
1980,Shooting,ROU
1980,Shooting,URS
1980,Shooting,URS
1980,Shooting,HUN
1980,Shooting,URS
1980,Shooting,DEN
1980,Shooting,ITA
1980,Volleyball,URS
1980,Volleyball,URS
1980,Weightlifting,URS
1980,Weightlifting,CUB
1980,Weightlifting,URS
1980,Weightlifting,URS
1980,Weightlifting,URS
1980,Weightlifting,BUL
1980,Weightlifting,BUL
1980,Weightlifting,URS
1980,Weightlifting,HUN
1980,Weightlifting,TCH
1980,Wrestling,ITA
1980,Wrestling,URS
1980,Wrestling,URS
1980,Wrestling,URS
1980,Wrestling,URS
1980,Wrestling,URS
1980,Wrestling,BUL
1980,Wrestling,BUL
1980,Wrestling,URS
1980,Wrestling,URS
1980,Wrestling,URS
1980,Wrestling,URS
1980,Wrestling,URS
1980,Wrestling,URS
1980,Wrestling,GRE
1980,Wrestling,ROU
1980,Wrestling,HUN
1980,Wrestling,URS
1980,Wrestling,HUN
1980,Wrestling,BUL
1984,Aquatics,USA
1984,Aquatics,CHN
1984,Aquatics,USA
1984,Aquatics,CAN
1984,Aquatics,USA
1984,Aquatics,USA
1984,Aquatics,USA
1984,Aquatics,NED
1984,Aquatics,FRG
1984,Aquatics,USA
1984,Aquatics,USA
1984,Aquatics,USA
1984,Aquatics,USA
1984,Aquatics,USA
1984,Aquatics,NED
1984,Aquatics,CAN
1984,Aquatics,CAN
1984,Aquatics,AUS
1984,Aquatics,USA
1984,Aquatics,FRG
1984,Aquatics,USA
1984,Aquatics,CAN
1984,Aquatics,USA
1984,Aquatics,USA
1984,Aquatics,USA
1984,Aquatics,CAN
1984,Aquatics,USA
1984,Aquatics,USA
1984,Aquatics,USA
1984,Aquatics,USA
1984,Aquatics,USA
1984,Aquatics,USA
1984,Aquatics,USA
1984,Aquatics,USA
1984,Aquatics,USA
1984,Aquatics,YUG
1984,Archery,USA
1984,Archery,KOR
1984,Athletics,ITA
1984,Athletics,USA
1984,Athletics,USA
1984,Athletics,USA
1984,Athletics,USA
1984,Athletics,GBR
1984,Athletics,ITA
1984,Athletics,USA
1984,Athletics,USA
1984,Athletics,MEX
1984,Athletics,ROU
1984,Athletics,KEN
1984,Athletics,USA
1984,Athletics,USA
1984,Athletics,USA
1984,Athletics,MAR
1984,Athletics,USA
1984,Athletics,USA
1984,Athletics,USA
1984,Athletics,USA
1984,Athletics,MAR
1984,Athletics,MEX
1984,Athletics,BRA
1984,Athletics,ROU
1984,Athletics,GBR
1984,Athletics,FRG
1984,Athletics,NED
1984,Athletics,FIN
1984,Athletics,AUS
1984,Athletics,FRG
1984,Athletics,FRG
1984,Athletics,FIN
1984,Athletics,GBR
1984,Athletics,USA
1984,Athletics,ROU
1984,Athletics,POR
1984,Athletics,USA
1984,Athletics,FRA
1984,Athletics,ITA
1984,Athletics,FRG
1984,Athletics,USA
1984,Basketball,USA
1984,Basketball,USA
1984,Boxing,USA
1984,Boxing,USA
1984,Boxing,USA
1984,Boxing,ITA
1984,Boxing,USA
1984,Boxing,USA
1984,Boxing,USA
1984,Boxing,USA
1984,Boxing,USA
1984,Boxing,KOR
1984,Boxing,YUG
1984,Boxing,USA
1984,Canoe / Kayak,FRG
1984,Canoe / Kayak,CAN
1984,Canoe / Kayak,ROU
1984,Canoe / Kayak,YUG
1984,Canoe / Kayak,NZL
1984,Canoe / Kayak,NZL
1984,Canoe / Kayak,SWE
1984,Canoe / Kayak,CAN
1984,Canoe / Kayak,NZL
1984,Canoe / Kayak,SWE
1984,Canoe / Kayak,NZL
1984,Canoe / Kayak,ROU
1984,Cycling,USA
1984,Cycling,USA
1984,Cycling,ITA
1984,Cycling,FRG
1984,Cycling,USA
1984,Cycling,BEL
1984,Cycling,USA
1984,Cycling,AUS
1984,Equestrian,FRG
1984,Equestrian,FRG
1984,Equestrian,NZL
1984,Equestrian,USA
1984,Equestrian,USA
1984,Equestrian,USA
1984,Fencing,FRA
1984,Fencing,FRG
1984,Fencing,ITA
1984,Fencing,CHN
1984,Fencing,ITA
1984,Fencing,FRG
1984,Fencing,FRA
1984,Fencing,ITA
1984,Football,FRA
1984,Gymnastics,ROU
1984,Gymnastics,CHN
1984,Gymnastics,ROU
1984,Gymnastics,JPN
1984,Gymnastics,JPN
1984,Gymnastics,USA
1984,Gymnastics,USA
1984,Gymnastics,CHN
1984,Gymnastics,USA
1984,Gymnastics,JPN
1984,Gymnastics,CHN
1984,Gymnastics,USA
1984,Gymnastics,ROU
1984,Gymnastics,CHN
1984,Gymnastics,USA
1984,Gymnastics,CHN
1984,Gymnastics,ROU
1984,Gymnastics,CAN
1984,Handball,YUG
1984,Handball,YUG
1984,Hockey,PAK
1984,Hockey,NED
1984,Judo,JPN
1984,Judo,JPN
1984,Judo,JPN
1984,Judo,KOR
1984,Judo,FRG
1984,Judo,AUT
1984,Judo,KOR
1984,Judo,JPN
1984,Modern Pentathlon,ITA
1984,Modern Pentathlon,ITA
1984,Rowing,ROU
1984,Rowing,USA
1984,Rowing,ROU
1984,Rowing,CAN
1984,Rowing,USA
1984,Rowing,NZL
1984,Rowing,GBR
1984,Rowing,ROU
1984,Rowing,ROU
1984,Rowing,ITA
1984,Rowing,ROU
1984,Rowing,FRG
1984,Rowing,FIN
1984,Rowing,ROU
1984,Sailing,ESP
1984,Sailing,NED
1984,Sailing,USA
1984,Sailing,USA
1984,Sailing,NZL
1984,Sailing,NZL
1984,Sailing,USA
1984,Shooting,USA
1984,Shooting,FRA
1984,Shooting,CAN
1984,Shooting,JPN
1984,Shooting,CHN
1984,Shooting,CHN
1984,Shooting,GBR
1984,Shooting,USA
1984,Shooting,CHN
1984,Shooting,USA
1984,Shooting,ITA
1984,Volleyball,USA
1984,Volleyball,CHN
1984,Weightlifting,CHN
1984,Weightlifting,CHN
1984,Weightlifting,AUS
1984,Weightlifting,ITA
1984,Weightlifting,CHN
1984,Weightlifting,CHN
1984,Weightlifting,FRG
1984,Weightlifting,ROU
1984,Weightlifting,ROU
1984,Weightlifting,FRG
1984,Wrestling,USA
1984,Wrestling,USA
1984,Wrestling,YUG
1984,Wrestling,JPN
1984,Wrestling,USA
1984,Wrestling,KOR
1984,Wrestling,USA
1984,Wrestling,USA
1984,Wrestling,USA
1984,Wrestling,USA
1984,Wrestling,ITA
1984,Wrestling,USA
1984,Wrestling,JPN
1984,Wrestling,FRG
1984,Wrestling,KOR
1984,Wrestling,YUG
1984,Wrestling,FIN
1984,Wrestling,ROU
1984,Wrestling,USA
1984,Wrestling,ROU
1988,Aquatics,USA
1988,Aquatics,CHN
1988,Aquatics,USA
1988,Aquatics,CHN
1988,Aquatics,JPN
1988,Aquatics,GDR
1988,Aquatics,GBR
1988,Aquatics,BUL
1988,Aquatics,SUR
1988,Aquatics,GDR
1988,Aquatics,USA
1988,Aquatics,GDR
1988,Aquatics,URS
1988,Aquatics,URS
1988,Aquatics,HUN
1988,Aquatics,HUN
1988,Aquatics,GDR
1988,Aquatics,FRG
1988,Aquatics,GDR
1988,Aquatics,AUS
1988,Aquatics,GDR
1988,Aquatics,HUN
1988,Aquatics,GDR
1988,Aquatics,GDR
1988,Aquatics,USA
1988,Aquatics,HUN
1988,Aquatics,USA
1988,Aquatics,USA
1988,Aquatics,GDR
1988,Aquatics,USA
1988,Aquatics,GDR
1988,Aquatics,USA
1988,Aquatics,USA
1988,Aquatics,GDR
1988,Aquatics,USA
1988,Aquatics,CAN
1988,Aquatics,CAN
1988,Aquatics,YUG
1988,Archery,USA
1988,Archery,KOR
1988,Archery,KOR
1988,Archery,KOR
1988,Athletics,MAR
1988,Athletics,URS
1988,Athletics,USA
1988,Athletics,USA
1988,Athletics,BUL
1988,Athletics,USA
1988,Athletics,KEN
1988,Athletics,ROU
1988,Athletics,USA
1988,Athletics,USA
1988,Athletics,TCH
1988,Athletics,URS
1988,Athletics,KEN
1988,Athletics,USA
1988,Athletics,URS
1988,Athletics,USA
1988,Athletics,AUS
1988,Athletics,URS
1988,Athletics,USA
1988,Athletics,USA
1988,Athletics,URS
1988,Athletics,KEN
1988,Athletics,URS
1988,Athletics,KEN
1988,Athletics,GDR
1988,Athletics,GDR
1988,Athletics,GDR
1988,Athletics,GDR
1988,Athletics,URS
1988,Athletics,USA
1988,Athletics,URS
1988,Athletics,USA
1988,Athletics,FIN
1988,Athletics,GDR
1988,Athletics,USA
1988,Athletics,USA
1988,Athletics,ITA
1988,Athletics,POR
1988,Athletics,URS
1988,Athletics,GDR
1988,Athletics,URS
1988,Athletics,BUL
1988,Basketball,URS
1988,Basketball,USA
1988,Boxing,BUL
1988,Boxing,CAN
1988,Boxing,KOR
1988,Boxing,USA
1988,Boxing,ITA
1988,Boxing,GDR
1988,Boxing,URS
1988,Boxing,KEN
1988,Boxing,KOR
1988,Boxing,GDR
1988,Boxing,USA
1988,Boxing,USA
1988,Canoe / Kayak,URS
1988,Canoe / Kayak,GDR
1988,Canoe / Kayak,URS
1988,Canoe / Kayak,URS
1988,Canoe / Kayak,USA
1988,Canoe / Kayak,HUN
1988,Canoe / Kayak,BUL
1988,Canoe / Kayak,USA
1988,Canoe / Kayak,NZL
1988,Canoe / Kayak,GDR
1988,Canoe / Kayak,HUN
1988,Canoe / Kayak,GDR
1988,Cycling,GDR
1988,Cycling,NED
1988,Cycling,GDR
1988,Cycling,URS
1988,Cycling,URS
1988,Cycling,DEN
1988,Cycling,URS
1988,Cycling,GDR
1988,Cycling,URS
1988,Equestrian,FRG
1988,Equestrian,FRG
1988,Equestrian,NZL
1988,Equestrian,FRG
1988,Equestrian,FRA
1988,Equestrian,FRG
1988,Fencing,FRG
1988,Fencing,FRA
1988,Fencing,ITA
1988,Fencing,FRG
1988,Fencing,URS
1988,Fencing,FRG
1988,Fencing,FRA
1988,Fencing,HUN
1988,Football,URS
1988,Gymnastics,ROU
1988,Gymnastics,URS
1988,Gymnastics,ROU
1988,Gymnastics,URS
1988,Gymnastics,URS
1988,Gymnastics,URS
1988,Gymnastics,URS
1988,Gymnastics,URS
1988,Gymnastics,HUN
1988,Gymnastics,BUL
1988,Gymnastics,GDR
1988,Gymnastics,URS
1988,Gymnastics,URS
1988,Gymnastics,URS
1988,Gymnastics,ROU
1988,Gymnastics,CHN
1988,Gymnastics,URS
1988,Gymnastics,URS
1988,Handball,URS
1988,Handball,KOR
1988,Hockey,GBR
1988,Hockey,AUS
1988,Judo,KOR
1988,Judo,JPN
1988,Judo,KOR
1988,Judo,FRA
1988,Judo,POL
1988,Judo,AUT
1988,Judo,BRA
1988,Modern Pentathlon,HUN
1988,Modern Pentathlon,HUN
1988,Rowing,GBR
1988,Rowing,NED
1988,Rowing,GDR
1988,Rowing,FRG
1988,Rowing,GDR
1988,Rowing,GDR
1988,Rowing,GDR
1988,Rowing,GDR
1988,Rowing,ROU
1988,Rowing,ITA
1988,Rowing,ITA
1988,Rowing,GDR
1988,Rowing,GDR
1988,Rowing,GDR
1988,Sailing,FRA
1988,Sailing,USA
1988,Sailing,NZL
1988,Sailing,GDR
1988,Sailing,DEN
1988,Sailing,ESP
1988,Sailing,FRA
1988,Sailing,GBR
1988,Shooting,YUG
1988,Shooting,BUL
1988,Shooting,URS
1988,Shooting,YUG
1988,Shooting,URS
1988,Shooting,URS
1988,Shooting,ROU
1988,Shooting,FRG
1988,Shooting,GBR
1988,Shooting,TCH
1988,Shooting,NOR
1988,Shooting,GDR
1988,Shooting,URS
1988,Table Tennis,CHN
1988,Table Tennis,KOR
1988,Table Tennis,KOR
1988,Table Tennis,CHN
1988,Tennis,USA
1988,Tennis,USA
1988,Tennis,TCH
1988,Tennis,FRG
1988,Volleyball,USA
1988,Volleyball,URS
1988,Weightlifting,BUL
1988,Weightlifting,URS
1988,Weightlifting,URS
1988,Weightlifting,URS
1988,Weightlifting,TUR
1988,Weightlifting,GDR
1988,Weightlifting,BUL
1988,Weightlifting,URS
1988,Weightlifting,URS
1988,Weightlifting,URS
1988,Wrestling,JPN
1988,Wrestling,URS
1988,Wrestling,JPN
1988,Wrestling,URS
1988,Wrestling,USA
1988,Wrestling,URS
1988,Wrestling,USA
1988,Wrestling,KOR
1988,Wrestling,URS
1988,Wrestling,ROU
1988,Wrestling,ITA
1988,Wrestling,URS
1988,Wrestling,NOR
1988,Wrestling,HUN
1988,Wrestling,URS
1988,Wrestling,URS
1988,Wrestling,KOR
1988,Wrestling,URS
1988,Wrestling,BUL
1988,Wrestling,POL
1992,Aquatics,CHN
1992,Aquatics,CHN
1992,Aquatics,USA
1992,Aquatics,CHN
1992,Aquatics,CAN
1992,Aquatics,HUN
1992,Aquatics,USA
1992,Aquatics,EUN
1992,Aquatics,USA
1992,Aquatics,CHN
1992,Aquatics,EUN
1992,Aquatics,CHN
1992,Aquatics,AUS
1992,Aquatics,ESP
1992,Aquatics,HUN
1992,Aquatics,USA
1992,Aquatics,JPN
1992,Aquatics,USA
1992,Aquatics,USA
1992,Aquatics,EUN
1992,Aquatics,USA
1992,Aquatics,HUN
1992,Aquatics,CHN
1992,Aquatics,EUN
1992,Aquatics,GER
1992,Aquatics,HUN
1992,Aquatics,HUN
1992,Aquatics,USA
1992,Aquatics,USA
1992,Aquatics,USA
1992,Aquatics,USA
1992,Aquatics,EUN
1992,Aquatics,EUN
1992,Aquatics,CHN
1992,Aquatics,USA
1992,Aquatics,USA
1992,Aquatics,USA
1992,Aquatics,CAN
1992,Aquatics,ITA
1992,Archery,FRA
1992,Archery,KOR
1992,Archery,ESP
1992,Archery,KOR
1992,Athletics,MAR
1992,Athletics,ETH
1992,Athletics,CHN
1992,Athletics,GBR
1992,Athletics,USA
1992,Athletics,GRE
1992,Athletics,CAN
1992,Athletics,ESP
1992,Athletics,ALG
1992,Athletics,USA
1992,Athletics,USA
1992,Athletics,ESP
1992,Athletics,EUN
1992,Athletics,KEN
1992,Athletics,USA
1992,Athletics,FRA
1992,Athletics,USA
1992,Athletics,GBR
1992,Athletics,USA
1992,Athletics,USA
1992,Athletics,USA
1992,Athletics,EUN
1992,Athletics,GER
1992,Athletics,EUN
1992,Athletics,KEN
1992,Athletics,NED
1992,Athletics,TCH
1992,Athletics,LTU
1992,Athletics,CUB
1992,Athletics,EUN
1992,Athletics,USA
1992,Athletics,CUB
1992,Athletics,GER
1992,Athletics,TCH
1992,Athletics,GER
1992,Athletics,USA
1992,Athletics,GER
1992,Athletics,KOR
1992,Athletics,EUN
1992,Athletics,EUN
1992,Athletics,USA
1992,Athletics,EUN
1992,Athletics,USA
1992,Badminton,KOR
1992,Badminton,KOR
1992,Badminton,INA
1992,Badminton,INA
1992,Baseball,CUB
1992,Basketball,USA
1992,Basketball,EUN
1992,Boxing,CUB
1992,Boxing,CUB
1992,Boxing,PRK
1992,Boxing,CUB
1992,Boxing,GER
1992,Boxing,USA
1992,Boxing,CUB
1992,Boxing,IRL
1992,Boxing,CUB
1992,Boxing,CUB
1992,Boxing,GER
1992,Boxing,CUB
1992,Canoe / Kayak,BUL
1992,Canoe / Kayak,BUL
1992,Canoe / Kayak,GER
1992,Canoe / Kayak,EUN
1992,Canoe / Kayak,AUS
1992,Canoe / Kayak,FIN
1992,Canoe / Kayak,GER
1992,Canoe / Kayak,GER
1992,Canoe / Kayak,GER
1992,Canoe / Kayak,GER
1992,Canoe / Kayak,GER
1992,Canoe / Kayak,HUN
1992,Canoe / Kayak,TCH
1992,Canoe / Kayak,USA
1992,Canoe / Kayak,ITA
1992,Canoe / Kayak,GER
1992,Cycling,ITA
1992,Cycling,AUS
1992,Cycling,GER
1992,Cycling,ESP
1992,Cycling,GBR
1992,Cycling,GER
1992,Cycling,ITA
1992,Cycling,EST
1992,Cycling,GER
1992,Cycling,GER
1992,Equestrian,GER
1992,Equestrian,GER
1992,Equestrian,AUS
1992,Equestrian,AUS
1992,Equestrian,GER
1992,Equestrian,NED
1992,Fencing,FRA
1992,Fencing,GER
1992,Fencing,FRA
1992,Fencing,ITA
1992,Fencing,GER
1992,Fencing,ITA
1992,Fencing,HUN
1992,Fencing,EUN
1992,Football,ESP
1992,Gymnastics,EUN
1992,Gymnastics,CHN
1992,Gymnastics,ROU
1992,Gymnastics,USA
1992,Gymnastics,EUN
1992,Gymnastics,EUN
1992,Gymnastics,EUN
1992,Gymnastics,PRK
1992,Gymnastics,EUN
1992,Gymnastics,EUN
1992,Gymnastics,EUN
1992,Gymnastics,EUN
1992,Gymnastics,CHN
1992,Gymnastics,EUN
1992,Gymnastics,ROU
1992,Gymnastics,HUN
1992,Gymnastics,EUN
1992,Handball,EUN
1992,Handball,KOR
1992,Hockey,GER
1992,Hockey,ESP
1992,Judo,FRA
1992,Judo,EUN
1992,Judo,CHN
1992,Judo,EUN
1992,Judo,ESP
1992,Judo,ESP
1992,Judo,FRA
1992,Judo,BRA
1992,Judo,CUB
1992,Judo,JPN
1992,Judo,KOR
1992,Judo,JPN
1992,Judo,POL
1992,Judo,HUN
1992,Modern Pentathlon,POL
1992,Modern Pentathlon,POL
1992,Rowing,CAN
1992,Rowing,GBR
1992,Rowing,AUS
1992,Rowing,GER
1992,Rowing,CAN
1992,Rowing,CAN
1992,Rowing,AUS
1992,Rowing,ROU
1992,Rowing,CAN
1992,Rowing,GBR
1992,Rowing,GER
1992,Rowing,GER
1992,Rowing,GER
1992,Rowing,ROU
1992,Sailing,ESP
1992,Sailing,ESP
1992,Sailing,FRA
1992,Sailing,NZL
1992,Sailing,DEN
1992,Sailing,ESP
1992,Sailing,NOR
1992,Sailing,ESP
1992,Sailing,FRA
1992,Sailing,USA
1992,Shooting,EUN
1992,Shooting,CHN
1992,Shooting,KOR
1992,Shooting,EUN
1992,Shooting,EUN
1992,Shooting,GER
1992,Shooting,EUN
1992,Shooting,USA
1992,Shooting,EUN
1992,Shooting,KOR
1992,Shooting,GER
1992,Shooting,CHN
1992,Shooting,TCH
1992,Table Tennis,CHN
1992,Table Tennis,CHN
1992,Table Tennis,SWE
1992,Table Tennis,CHN
1992,Tennis,GER
1992,Tennis,USA
1992,Tennis,SUI
1992,Tennis,USA
1992,Volleyball,BRA
1992,Volleyball,CUB
1992,Weightlifting,BUL
1992,Weightlifting,KOR
1992,Weightlifting,EUN
1992,Weightlifting,GER
1992,Weightlifting,TUR
1992,Weightlifting,EUN
1992,Weightlifting,EUN
1992,Weightlifting,GRE
1992,Weightlifting,EUN
1992,Weightlifting,EUN
1992,Wrestling,PRK
1992,Wrestling,USA
1992,Wrestling,PRK
1992,Wrestling,CUB
1992,Wrestling,USA
1992,Wrestling,EUN
1992,Wrestling,KOR
1992,Wrestling,USA
1992,Wrestling,EUN
1992,Wrestling,EUN
1992,Wrestling,EUN
1992,Wrestling,EUN
1992,Wrestling,NOR
1992,Wrestling,KOR
1992,Wrestling,TUR
1992,Wrestling,HUN
1992,Wrestling,EUN
1992,Wrestling,HUN
1992,Wrestling,GER
1992,Wrestling,CUB
1996,Aquatics,RUS
1996,Aquatics,CHN
1996,Aquatics,CHN
1996,Aquatics,CHN
1996,Aquatics,USA
1996,Aquatics,USA
1996,Aquatics,BEL
1996,Aquatics,RSA
1996,Aquatics,RUS
1996,Aquatics,USA
1996,Aquatics,RUS
1996,Aquatics,CHN
1996,Aquatics,AUS
1996,Aquatics,USA
1996,Aquatics,HUN
1996,Aquatics,HUN
1996,Aquatics,RSA
1996,Aquatics,RUS
1996,Aquatics,AUS
1996,Aquatics,NZL
1996,Aquatics,CRC
1996,Aquatics,HUN
1996,Aquatics,IRL
1996,Aquatics,NZL
1996,Aquatics,IRL
1996,Aquatics,USA
1996,Aquatics,IRL
1996,Aquatics,USA
1996,Aquatics,USA
1996,Aquatics,USA
1996,Aquatics,USA
1996,Aquatics,USA
1996,Aquatics,USA
1996,Aquatics,RUS
1996,Aquatics,USA
1996,Aquatics,USA
1996,Aquatics,USA
1996,Aquatics,ESP
1996,Archery,USA
1996,Archery,KOR
1996,Archery,USA
1996,Archery,KOR
1996,Athletics,ETH
1996,Athletics,POR
1996,Athletics,RUS
1996,Athletics,CAN
1996,Athletics,USA
1996,Athletics,SWE
1996,Athletics,USA
1996,Athletics,ALG
1996,Athletics,RUS
1996,Athletics,USA
1996,Athletics,FRA
1996,Athletics,ECU
1996,Athletics,KEN
1996,Athletics,USA
1996,Athletics,FRA
1996,Athletics,USA
1996,Athletics,JAM
1996,Athletics,CAN
1996,Athletics,USA
1996,Athletics,USA
1996,Athletics,USA
1996,Athletics,BDI
1996,Athletics,CHN
1996,Athletics,POL
1996,Athletics,NOR
1996,Athletics,RUS
1996,Athletics,USA
1996,Athletics,GER
1996,Athletics,GER
1996,Athletics,HUN
1996,Athletics,SYR
1996,Athletics,USA
1996,Athletics,BUL
1996,Athletics,CZE
1996,Athletics,FIN
1996,Athletics,USA
1996,Athletics,NGR
1996,Athletics,RSA
1996,Athletics,ETH
1996,Athletics,FRA
1996,Athletics,USA
1996,Athletics,GER
1996,Athletics,USA
1996,Athletics,UKR
1996,Badminton,INA
1996,Badminton,CHN
1996,Badminton,KOR
1996,Badminton,DEN
1996,Badminton,KOR
1996,Baseball,CUB
1996,Basketball,USA
1996,Basketball,USA
1996,Boxing,BUL
1996,Boxing,UKR
1996,Boxing,CUB
1996,Boxing,HUN
1996,Boxing,THA
1996,Boxing,ALG
1996,Boxing,CUB
1996,Boxing,RUS
1996,Boxing,USA
1996,Boxing,CUB
1996,Boxing,KAZ
1996,Boxing,CUB
1996,Canoe / Kayak,CZE
1996,Canoe / Kayak,CZE
1996,Canoe / Kayak,GER
1996,Canoe / Kayak,HUN
1996,Canoe / Kayak,NOR
1996,Canoe / Kayak,ITA
1996,Canoe / Kayak,HUN
1996,Canoe / Kayak,ITA
1996,Canoe / Kayak,GER
1996,Canoe / Kayak,SWE
1996,Canoe / Kayak,GER
1996,Canoe / Kayak,GER
1996,Canoe / Kayak,SVK
1996,Canoe / Kayak,FRA
1996,Canoe / Kayak,GER
1996,Canoe / Kayak,CZE
1996,Cycling,SUI
1996,Cycling,FRA
1996,Cycling,ESP
1996,Cycling,RUS
1996,Cycling,FRA
1996,Cycling,ITA
1996,Cycling,ITA
1996,Cycling,ITA
1996,Cycling,FRA
1996,Cycling,FRA
1996,Cycling,GER
1996,Cycling,FRA
1996,Cycling,NED
1996,Cycling,ITA
1996,Equestrian,GER
1996,Equestrian,GER
1996,Equestrian,NZL
1996,Equestrian,AUS
1996,Equestrian,GER
1996,Equestrian,GER
1996,Fencing,RUS
1996,Fencing,FRA
1996,Fencing,ITA
1996,Fencing,FRA
1996,Fencing,ITA
1996,Fencing,ROU
1996,Fencing,RUS
1996,Fencing,ITA
1996,Fencing,RUS
1996,Fencing,RUS
1996,Football,NGR
1996,Football,USA
1996,Gymnastics,USA
1996,Gymnastics,GRE
1996,Gymnastics,UKR
1996,Gymnastics,GER
1996,Gymnastics,CHN
1996,Gymnastics,UKR
1996,Gymnastics,UKR
1996,Gymnastics,SUI
1996,Gymnastics,ITA
1996,Gymnastics,RUS
1996,Gymnastics,USA
1996,Gymnastics,RUS
1996,Gymnastics,RUS
1996,Gymnastics,ROU
1996,Gymnastics,ESP
1996,Gymnastics,UKR
1996,Handball,CRO
1996,Handball,DEN
1996,Hockey,NED
1996,Hockey,AUS
1996,Judo,PRK
1996,Judo,JPN
1996,Judo,FRA
1996,Judo,CHN
1996,Judo,FRA
1996,Judo,CUB
1996,Judo,JPN
1996,Judo,GER
1996,Judo,KOR
1996,Judo,BEL
1996,Judo,JPN
1996,Judo,FRA
1996,Judo,KOR
1996,Judo,POL
1996,Modern Pentathlon,KAZ
1996,Rowing,GBR
1996,Rowing,ITA
1996,Rowing,CAN
1996,Rowing,NED
1996,Rowing,ROU
1996,Rowing,AUS
1996,Rowing,DEN
1996,Rowing,SUI
1996,Rowing,ROU
1996,Rowing,AUS
1996,Rowing,GER
1996,Rowing,GER
1996,Rowing,SUI
1996,Rowing,BLR
1996,Sailing,UKR
1996,Sailing,ESP
1996,Sailing,GRE
1996,Sailing,HKG
1996,Sailing,GER
1996,Sailing,DEN
1996,Sailing,POL
1996,Sailing,BRA
1996,Sailing,ESP
1996,Sailing,BRA
1996,Shooting,RUS
1996,Shooting,ITA
1996,Shooting,POL
1996,Shooting,RUS
1996,Shooting,CHN
1996,Shooting,GER
1996,Shooting,RUS
1996,Shooting,YUG
1996,Shooting,FRA
1996,Shooting,GER
1996,Shooting,CHN
1996,Shooting,USA
1996,Shooting,AUS
1996,Shooting,ITA
1996,Shooting,AUS
1996,Softball,USA
1996,Table Tennis,CHN
1996,Table Tennis,CHN
1996,Table Tennis,CHN
1996,Table Tennis,CHN
1996,Tennis,AUS
1996,Tennis,USA
1996,Tennis,USA
1996,Tennis,USA
1996,Volleyball,USA
1996,Volleyball,BRA
1996,Volleyball,NED
1996,Volleyball,CUB
1996,Weightlifting,TUR
1996,Weightlifting,RUS
1996,Weightlifting,CHN
1996,Weightlifting,TUR
1996,Weightlifting,CHN
1996,Weightlifting,CUB
1996,Weightlifting,GRE
1996,Weightlifting,RUS
1996,Weightlifting,GRE
1996,Weightlifting,UKR
1996,Wrestling,PRK
1996,Wrestling,TUR
1996,Wrestling,BUL
1996,Wrestling,USA
1996,Wrestling,USA
1996,Wrestling,RUS
1996,Wrestling,RUS
1996,Wrestling,RUS
1996,Wrestling,IRI
1996,Wrestling,USA
1996,Wrestling,KOR
1996,Wrestling,RUS
1996,Wrestling,ARM
1996,Wrestling,KAZ
1996,Wrestling,POL
1996,Wrestling,POL
1996,Wrestling,CUB
1996,Wrestling,TUR
1996,Wrestling,UKR
1996,Wrestling,POL
2000,Aquatics,CHN
2000,Aquatics,USA
2000,Aquatics,CHN
2000,Aquatics,CHN
2000,Aquatics,RUS
2000,Aquatics,CHN
2000,Aquatics,CHN
2000,Aquatics,RUS
2000,Aquatics,USA
2000,Aquatics,ROU
2000,Aquatics,ITA
2000,Aquatics,USA
2000,Aquatics,SWE
2000,Aquatics,NED
2000,Aquatics,NED
2000,Aquatics,NED
2000,Aquatics,AUS
2000,Aquatics,USA
2000,Aquatics,ROU
2000,Aquatics,ITA
2000,Aquatics,HUN
2000,Aquatics,USA
2000,Aquatics,USA
2000,Aquatics,NED
2000,Aquatics,AUS
2000,Aquatics,ITA
2000,Aquatics,UKR
2000,Aquatics,AUS
2000,Aquatics,USA
2000,Aquatics,USA
2000,Aquatics,UKR
2000,Aquatics,AUS
2000,Aquatics,USA
2000,Aquatics,USA
2000,Aquatics,USA
2000,Aquatics,AUS
2000,Aquatics,USA
2000,Aquatics,USA
2000,Aquatics,NED
2000,Aquatics,USA
2000,Aquatics,RUS
2000,Aquatics,RUS
2000,Aquatics,HUN
2000,Aquatics,AUS
2000,Archery,AUS
2000,Archery,KOR
2000,Archery,KOR
2000,Archery,KOR
2000,Athletics,ETH
2000,Athletics,ETH
2000,Athletics,USA
2000,Athletics,KAZ
2000,Athletics,CUB
2000,Athletics,KEN
2000,Athletics,ALG
2000,Athletics,GRE
2000,Athletics,BAH
2000,Athletics,CHN
2000,Athletics,POL
2000,Athletics,KEN
2000,Athletics,USA
2000,Athletics,AUS
2000,Athletics,USA
2000,Athletics,RUS
2000,Athletics,USA
2000,Athletics,BAH
2000,Athletics,USA
2000,Athletics,ETH
2000,Athletics,ROU
2000,Athletics,POL
2000,Athletics,GER
2000,Athletics,MOZ
2000,Athletics,EST
2000,Athletics,LTU
2000,Athletics,BLR
2000,Athletics,POL
2000,Athletics,POL
2000,Athletics,GBR
2000,Athletics,RUS
2000,Athletics,RUS
2000,Athletics,CZE
2000,Athletics,NOR
2000,Athletics,CUB
2000,Athletics,GER
2000,Athletics,ETH
2000,Athletics,JPN
2000,Athletics,USA
2000,Athletics,USA
2000,Athletics,FIN
2000,Athletics,BLR
2000,Athletics,GBR
2000,Athletics,BUL
2000,Badminton,INA
2000,Badminton,CHN
2000,Badminton,CHN
2000,Badminton,CHN
2000,Badminton,CHN
2000,Baseball,USA
2000,Basketball,USA
2000,Basketball,USA
2000,Boxing,FRA
2000,Boxing,GBR
2000,Boxing,THA
2000,Boxing,CUB
2000,Boxing,KAZ
2000,Boxing,CUB
2000,Boxing,UZB
2000,Boxing,RUS
2000,Boxing,KAZ
2000,Boxing,CUB
2000,Boxing,RUS
2000,Boxing,CUB
2000,Canoe / Kayak,GER
2000,Canoe / Kayak,HUN
2000,Canoe / Kayak,ROU
2000,Canoe / Kayak,HUN
2000,Canoe / Kayak,NOR
2000,Canoe / Kayak,NOR
2000,Canoe / Kayak,ITA
2000,Canoe / Kayak,ITA
2000,Canoe / Kayak,HUN
2000,Canoe / Kayak,GER
2000,Canoe / Kayak,HUN
2000,Canoe / Kayak,GER
2000,Canoe / Kayak,FRA
2000,Canoe / Kayak,SVK
2000,Canoe / Kayak,GER
2000,Canoe / Kayak,CZE
2000,Cycling,GER
2000,Cycling,NED
2000,Cycling,RUS
2000,Cycling,NED
2000,Cycling,GBR
2000,Cycling,FRA
2000,Cycling,GER
2000,Cycling,NED
2000,Cycling,FRA
2000,Cycling,AUS
2000,Cycling,FRA
2000,Cycling,ESP
2000,Cycling,ITA
2000,Cycling,FRA
2000,Cycling,USA
2000,Cycling,GER
2000,Cycling,FRA
2000,Cycling,ITA
2000,Equestrian,NED
2000,Equestrian,GER
2000,Equestrian,USA
2000,Equestrian,AUS
2000,Equestrian,NED
2000,Equestrian,GER
2000,Fencing,RUS
2000,Fencing,HUN
2000,Fencing,ITA
2000,Fencing,RUS
2000,Fencing,KOR
2000,Fencing,ITA
2000,Fencing,FRA
2000,Fencing,ITA
2000,Fencing,ROU
2000,Fencing,RUS
2000,Football,CMR
2000,Football,NOR
2000,Gymnastics,CHN
2000,Gymnastics,LAT
2000,Gymnastics,RUS
2000,Gymnastics,RUS
2000,Gymnastics,RUS
2000,Gymnastics,ROU
2000,Gymnastics,CHN
2000,Gymnastics,ROU
2000,Gymnastics,HUN
2000,Gymnastics,CHN
2000,Gymnastics,ROU
2000,Gymnastics,RUS
2000,Gymnastics,ESP
2000,Gymnastics,RUS
2000,Gymnastics,RUS
2000,Gymnastics,RUS
2000,Gymnastics,RUS
2000,Gymnastics,RUS
2000,Handball,RUS
2000,Handball,DEN
2000,Hockey,NED
2000,Hockey,AUS
2000,Judo,JPN
2000,Judo,JPN
2000,Judo,FRA
2000,Judo,CHN
2000,Judo,CUB
2000,Judo,ESP
2000,Judo,FRA
2000,Judo,TUR
2000,Judo,CUB
2000,Judo,ITA
2000,Judo,CHN
2000,Judo,JPN
2000,Judo,NED
2000,Judo,JPN
2000,Modern Pentathlon,RUS
2000,Modern Pentathlon,GBR
2000,Rowing,FRA
2000,Rowing,SLO
2000,Rowing,GER
2000,Rowing,GBR
2000,Rowing,ROU
2000,Rowing,GBR
2000,Rowing,FRA
2000,Rowing,POL
2000,Rowing,ROU
2000,Rowing,ROU
2000,Rowing,ITA
2000,Rowing,GER
2000,Rowing,NZL
2000,Rowing,BLR
2000,Sailing,AUS
2000,Sailing,AUS
2000,Sailing,FIN
2000,Sailing,AUT
2000,Sailing,ITA
2000,Sailing,DEN
2000,Sailing,GBR
2000,Sailing,GBR
2000,Sailing,GBR
2000,Sailing,AUT
2000,Sailing,USA
2000,Shooting,CHN
2000,Shooting,FRA
2000,Shooting,USA
2000,Shooting,CHN
2000,Shooting,CHN
2000,Shooting,BUL
2000,Shooting,RUS
2000,Shooting,BUL
2000,Shooting,POL
2000,Shooting,SLO
2000,Shooting,SWE
2000,Shooting,SWE
2000,Shooting,GBR
2000,Shooting,UKR
2000,Shooting,AZE
2000,Shooting,AUS
2000,Shooting,LTU
2000,Softball,USA
2000,Table Tennis,CHN
2000,Table Tennis,CHN
2000,Table Tennis,CHN
2000,Table Tennis,CHN
2000,Taekwondo,AUS
2000,Taekwondo,GRE
2000,Taekwondo,CHN
2000,Taekwondo,KOR
2000,Taekwondo,KOR
2000,Taekwondo,KOR
2000,Taekwondo,USA
2000,Taekwondo,CUB
2000,Tennis,CAN
2000,Tennis,USA
2000,Tennis,RUS
2000,Tennis,USA
2000,Triathlon,CAN
2000,Triathlon,SUI
2000,Volleyball,USA
2000,Volleyball,AUS
2000,Volleyball,YUG
2000,Volleyball,CUB
2000,Weightlifting,IRI
2000,Weightlifting,CHN
2000,Weightlifting,IRI
2000,Weightlifting,USA
2000,Weightlifting,CHN
2000,Weightlifting,TUR
2000,Weightlifting,MEX
2000,Weightlifting,CRO
2000,Weightlifting,CHN
2000,Weightlifting,BUL
2000,Weightlifting,CHN
2000,Weightlifting,COL
2000,Weightlifting,CHN
2000,Weightlifting,GRE
2000,Weightlifting,GRE
2000,Wrestling,AZE
2000,Wrestling,IRI
2000,Wrestling,RUS
2000,Wrestling,CAN
2000,Wrestling,USA
2000,Wrestling,RUS
2000,Wrestling,RUS
2000,Wrestling,RUS
2000,Wrestling,KOR
2000,Wrestling,BUL
2000,Wrestling,RUS
2000,Wrestling,CUB
2000,Wrestling,RUS
2000,Wrestling,TUR
2000,Wrestling,SWE
2000,Wrestling,USA
2004,Aquatics,CHN
2004,Aquatics,AUS
2004,Aquatics,CHN
2004,Aquatics,CHN
2004,Aquatics,CHN
2004,Aquatics,CHN
2004,Aquatics,GRE
2004,Aquatics,CHN
2004,Aquatics,USA
2004,Aquatics,USA
2004,Aquatics,JPN
2004,Aquatics,CHN
2004,Aquatics,USA
2004,Aquatics,AUS
2004,Aquatics,NED
2004,Aquatics,AUS
2004,Aquatics,AUS
2004,Aquatics,USA
2004,Aquatics,ZIM
2004,Aquatics,JPN
2004,Aquatics,USA
2004,Aquatics,USA
2004,Aquatics,POL
2004,Aquatics,AUS
2004,Aquatics,ROU
2004,Aquatics,USA
2004,Aquatics,UKR
2004,Aquatics,AUS
2004,Aquatics,FRA
2004,Aquatics,USA
2004,Aquatics,UKR
2004,Aquatics,RSA
2004,Aquatics,AUS
2004,Aquatics,USA
2004,Aquatics,AUS
2004,Aquatics,USA
2004,Aquatics,USA
2004,Aquatics,USA
2004,Aquatics,NED
2004,Aquatics,JPN
2004,Aquatics,RUS
2004,Aquatics,RUS
2004,Aquatics,HUN
2004,Aquatics,ITA
2004,Archery,ITA
2004,Archery,KOR
2004,Archery,KOR
2004,Archery,KOR
2004,Athletics,ETH
2004,Athletics,CHN
2004,Athletics,USA
2004,Athletics,BLR
2004,Athletics,USA
2004,Athletics,CHN
2004,Athletics,MAR
2004,Athletics,GBR
2004,Athletics,USA
2004,Athletics,JAM
2004,Athletics,GRE
2004,Athletics,ITA
2004,Athletics,KEN
2004,Athletics,USA
2004,Athletics,BAH
2004,Athletics,DOM
2004,Athletics,GRE
2004,Athletics,GBR
2004,Athletics,JAM
2004,Athletics,USA
2004,Athletics,USA
2004,Athletics,MAR
2004,Athletics,ETH
2004,Athletics,POL
2004,Athletics,RUS
2004,Athletics,GBR
2004,Athletics,CZE
2004,Athletics,LTU
2004,Athletics,RUS
2004,Athletics,JPN
2004,Athletics,RUS
2004,Athletics,SWE
2004,Athletics,SWE
2004,Athletics,RUS
2004,Athletics,NOR
2004,Athletics,CUB
2004,Athletics,USA
2004,Athletics,RUS
2004,Athletics,ITA
2004,Athletics,JPN
2004,Athletics,USA
2004,Athletics,RUS
2004,Athletics,UKR
2004,Athletics,CUB
2004,Athletics,SWE
2004,Athletics,CMR
2004,Badminton,KOR
2004,Badminton,CHN
2004,Badminton,CHN
2004,Badminton,INA
2004,Badminton,CHN
2004,Baseball,CUB
2004,Basketball,ARG
2004,Basketball,USA
2004,Boxing,RUS
2004,Boxing,CUB
2004,Boxing,CUB
2004,Boxing,CUB
2004,Boxing,RUS
2004,Boxing,CUB
2004,Boxing,THA
2004,Boxing,KAZ
2004,Boxing,RUS
2004,Boxing,USA
2004,Boxing,CUB
2004,Canoe / Kayak,ESP
2004,Canoe / Kayak,GER
2004,Canoe / Kayak,GER
2004,Canoe / Kayak,CHN
2004,Canoe / Kayak,NOR
2004,Canoe / Kayak,CAN
2004,Canoe / Kayak,HUN
2004,Canoe / Kayak,SWE
2004,Canoe / Kayak,GER
2004,Canoe / Kayak,HUN
2004,Canoe / Kayak,HUN
2004,Canoe / Kayak,GER
2004,Canoe / Kayak,FRA
2004,Canoe / Kayak,SVK
2004,Canoe / Kayak,FRA
2004,Canoe / Kayak,SVK
2004,Cycling,ITA
2004,Cycling,AUS
2004,Cycling,USA
2004,Cycling,NED
2004,Cycling,GBR
2004,Cycling,AUS
2004,Cycling,GBR
2004,Cycling,NZL
2004,Cycling,AUS
2004,Cycling,AUS
2004,Cycling,RUS
2004,Cycling,RUS
2004,Cycling,CAN
2004,Cycling,AUS
2004,Cycling,AUS
2004,Cycling,GER
2004,Cycling,FRA
2004,Cycling,NOR
2004,Equestrian,NED
2004,Equestrian,GER
2004,Equestrian,GBR
2004,Equestrian,FRA
2004,Equestrian,BRA
2004,Equestrian,USA
2004,Fencing,SUI
2004,Fencing,HUN
2004,Fencing,FRA
2004,Fencing,RUS
2004,Fencing,FRA
2004,Fencing,ITA
2004,Fencing,ITA
2004,Fencing,ITA
2004,Fencing,USA
2004,Fencing,FRA
2004,Football,ARG
2004,Football,USA
2004,Gymnastics,ROU
2004,Gymnastics,CAN
2004,Gymnastics,ROU
2004,Gymnastics,ITA
2004,Gymnastics,USA
2004,Gymnastics,USA
2004,Gymnastics,UKR
2004,Gymnastics,CHN
2004,Gymnastics,GRE
2004,Gymnastics,JPN
2004,Gymnastics,ROU
2004,Gymnastics,FRA
2004,Gymnastics,ESP
2004,Gymnastics,ROU
2004,Gymnastics,RUS
2004,Gymnastics,RUS
2004,Gymnastics,UKR
2004,Gymnastics,GER
2004,Handball,CRO
2004,Handball,DEN
2004,Hockey,AUS
2004,Hockey,GER
2004,Judo,JPN
2004,Judo,JPN
2004,Judo,JPN
2004,Judo,JPN
2004,Judo,CHN
2004,Judo,GER
2004,Judo,JPN
2004,Judo,JPN
2004,Judo,JPN
2004,Judo,KOR
2004,Judo,JPN
2004,Judo,GRE
2004,Judo,GEO
2004,Judo,BLR
2004,Modern Pentathlon,RUS
2004,Modern Pentathlon,HUN
2004,Rowing,AUS
2004,Rowing,FRA
2004,Rowing,NZL
2004,Rowing,USA
2004,Rowing,ROU
2004,Rowing,GBR
2004,Rowing,DEN
2004,Rowing,POL
2004,Rowing,ROU
2004,Rowing,ROU
2004,Rowing,RUS
2004,Rowing,GER
2004,Rowing,NOR
2004,Rowing,GER
2004,Sailing,USA
2004,Sailing,GRE
2004,Sailing,ESP
2004,Sailing,ISR
2004,Sailing,FRA
2004,Sailing,NOR
2004,Sailing,GBR
2004,Sailing,BRA
2004,Sailing,BRA
2004,Sailing,AUT
2004,Sailing,GBR
2004,Shooting,UKR
2004,Shooting,CHN
2004,Shooting,CHN
2004,Shooting,CHN
2004,Shooting,GER
2004,Shooting,BUL
2004,Shooting,GER
2004,Shooting,RUS
2004,Shooting,RUS
2004,Shooting,CHN
2004,Shooting,USA
2004,Shooting,USA
2004,Shooting,UAE
2004,Shooting,ITA
2004,Shooting,HUN
2004,Shooting,RUS
2004,Shooting,AUS
2004,Softball,USA
2004,Table Tennis,CHN
2004,Table Tennis,CHN
2004,Table Tennis,KOR
2004,Table Tennis,CHN
2004,Taekwondo,TPE
2004,Taekwondo,TPE
2004,Taekwondo,CHN
2004,Taekwondo,KOR
2004,Taekwondo,KOR
2004,Taekwondo,CHN
2004,Taekwondo,IRI
2004,Taekwondo,USA
2004,Tennis,CHI
2004,Tennis,CHN
2004,Tennis,CHI
2004,Tennis,BEL
2004,Triathlon,NZL
2004,Triathlon,AUT
2004,Volleyball,BRA
2004,Volleyball,USA
2004,Volleyball,BRA
2004,Volleyball,CHN
2004,Weightlifting,TUR
2004,Weightlifting,IRI
2004,Weightlifting,CHN
2004,Weightlifting,RUS
2004,Weightlifting,TUR
2004,Weightlifting,THA
2004,Weightlifting,CHN
2004,Weightlifting,CHN
2004,Weightlifting,UKR
2004,Weightlifting,CHN
2004,Weightlifting,CHN
2004,Weightlifting,THA
2004,Weightlifting,TUR
2004,Weightlifting,GEO
2004,Weightlifting,BUL
2004,Wrestling,UKR
2004,Wrestling,RUS
2004,Wrestling,JPN
2004,Wrestling,CUB
2004,Wrestling,JPN
2004,Wrestling,UKR
2004,Wrestling,CHN
2004,Wrestling,RUS
2004,Wrestling,USA
2004,Wrestling,RUS
2004,Wrestling,UZB
2004,Wrestling,HUN
2004,Wrestling,KOR
2004,Wrestling,AZE
2004,Wrestling,UZB
2004,Wrestling,RUS
2004,Wrestling,EGY
2004,Wrestling,RUS
2008,Aquatics,AUS
2008,Aquatics,CHN
2008,Aquatics,CHN
2008,Aquatics,CHN
2008,Aquatics,CHN
2008,Aquatics,CHN
2008,Aquatics,CHN
2008,Aquatics,CHN
2008,Aquatics,USA
2008,Aquatics,USA
2008,Aquatics,JPN
2008,Aquatics,AUS
2008,Aquatics,USA
2008,Aquatics,AUS
2008,Aquatics,FRA
2008,Aquatics,GER
2008,Aquatics,TUN
2008,Aquatics,USA
2008,Aquatics,ZIM
2008,Aquatics,JPN
2008,Aquatics,USA
2008,Aquatics,USA
2008,Aquatics,CHN
2008,Aquatics,USA
2008,Aquatics,ITA
2008,Aquatics,USA
2008,Aquatics,AUS
2008,Aquatics,KOR
2008,Aquatics,GBR
2008,Aquatics,USA
2008,Aquatics,AUS
2008,Aquatics,USA
2008,Aquatics,NED
2008,Aquatics,USA
2008,Aquatics,AUS
2008,Aquatics,USA
2008,Aquatics,AUS
2008,Aquatics,BRA
2008,Aquatics,GER
2008,Aquatics,GBR
2008,Aquatics,NED
2008,Aquatics,RUS
2008,Aquatics,RUS
2008,Aquatics,RUS
2008,Aquatics,HUN
2008,Aquatics,NED
2008,Archery,UKR
2008,Archery,CHN
2008,Archery,KOR
2008,Archery,KOR
2008,Athletics,ETH
2008,Athletics,ETH
2008,Athletics,JAM
2008,Athletics,JAM
2008,Athletics,USA
2008,Athletics,CUB
2008,Athletics,KEN
2008,Athletics,KEN
2008,Athletics,JAM
2008,Athletics,JAM
2008,Athletics,RUS
2008,Athletics,RUS
2008,Athletics,KEN
2008,Athletics,RUS
2008,Athletics,USA
2008,Athletics,GBR
2008,Athletics,USA
2008,Athletics,JAM
2008,Athletics,JAM
2008,Athletics,RUS
2008,Athletics,USA
2008,Athletics,USA
2008,Athletics,ETH
2008,Athletics,ETH
2008,Athletics,ITA
2008,Athletics,KEN
2008,Athletics,KEN
2008,Athletics,USA
2008,Athletics,EST
2008,Athletics,USA
2008,Athletics,SLO
2008,Athletics,BLR
2008,Athletics,UKR
2008,Athletics,RUS
2008,Athletics,BEL
2008,Athletics,NOR
2008,Athletics,CZE
2008,Athletics,PAN
2008,Athletics,BRA
2008,Athletics,KEN
2008,Athletics,ROU
2008,Athletics,AUS
2008,Athletics,RUS
2008,Athletics,POL
2008,Athletics,NZL
2008,Athletics,POR
2008,Athletics,CMR
2008,Badminton,INA
2008,Badminton,CHN
2008,Badminton,KOR
2008,Badminton,CHN
2008,Badminton,CHN
2008,Baseball,KOR
2008,Basketball,USA
2008,Basketball,USA
2008,Boxing,ITA
2008,Boxing,THA
2008,Boxing,CHN
2008,Boxing,MGL
2008,Boxing,UKR
2008,Boxing,RUS
2008,Boxing,DOM
2008,Boxing,KAZ
2008,Boxing,GBR
2008,Boxing,CHN
2008,Boxing,RUS
2008,Canoe / Kayak,HUN
2008,Canoe / Kayak,RUS
2008,Canoe / Kayak,BLR
2008,Canoe / Kayak,CHN
2008,Canoe / Kayak,GBR
2008,Canoe / Kayak,AUS
2008,Canoe / Kayak,UKR
2008,Canoe / Kayak,GER
2008,Canoe / Kayak,ESP
2008,Canoe / Kayak,HUN
2008,Canoe / Kayak,BLR
2008,Canoe / Kayak,GER
2008,Canoe / Kayak,SVK
2008,Canoe / Kayak,SVK
2008,Canoe / Kayak,GER
2008,Canoe / Kayak,SVK
2008,Cycling,LAT
2008,Cycling,FRA
2008,Cycling,ESP
2008,Cycling,GBR
2008,Cycling,SUI
2008,Cycling,USA
2008,Cycling,GBR
2008,Cycling,GBR
2008,Cycling,GBR
2008,Cycling,ARG
2008,Cycling,ESP
2008,Cycling,NED
2008,Cycling,GBR
2008,Cycling,GBR
2008,Cycling,GBR
2008,Cycling,GBR
2008,Cycling,FRA
2008,Cycling,GER
2008,Equestrian,NED
2008,Equestrian,GER
2008,Equestrian,GER
2008,Equestrian,GER
2008,Equestrian,CAN
2008,Equestrian,USA
2008,Fencing,ITA
2008,Fencing,GER
2008,Fencing,FRA
2008,Fencing,GER
2008,Fencing,ITA
2008,Fencing,RUS
2008,Fencing,CHN
2008,Fencing,USA
2008,Fencing,FRA
2008,Fencing,UKR
2008,Football,ARG
2008,Football,USA
2008,Gymnastics,USA
2008,Gymnastics,CHN
2008,Gymnastics,ROU
2008,Gymnastics,CHN
2008,Gymnastics,CHN
2008,Gymnastics,USA
2008,Gymnastics,CHN
2008,Gymnastics,CHN
2008,Gymnastics,CHN
2008,Gymnastics,CHN
2008,Gymnastics,CHN
2008,Gymnastics,CHN
2008,Gymnastics,POL
2008,Gymnastics,PRK
2008,Gymnastics,RUS
2008,Gymnastics,RUS
2008,Gymnastics,CHN
2008,Gymnastics,CHN
2008,Handball,FRA
2008,Handball,NOR
2008,Hockey,GER
2008,Hockey,NED
2008,Judo,ROU
2008,Judo,KOR
2008,Judo,JPN
2008,Judo,CHN
2008,Judo,CHN
2008,Judo,ITA
2008,Judo,JPN
2008,Judo,JPN
2008,Judo,JPN
2008,Judo,AZE
2008,Judo,CHN
2008,Judo,GER
2008,Judo,GEO
2008,Judo,MGL
2008,Modern Pentathlon,RUS
2008,Modern Pentathlon,GER
2008,Rowing,AUS
2008,Rowing,AUS
2008,Rowing,NZL
2008,Rowing,CAN
2008,Rowing,USA
2008,Rowing,GBR
2008,Rowing,DEN
2008,Rowing,GBR
2008,Rowing,NED
2008,Rowing,ROU
2008,Rowing,POL
2008,Rowing,CHN
2008,Rowing,NOR
2008,Rowing,BUL
2008,Sailing,AUS
2008,Sailing,AUS
2008,Sailing,DEN
2008,Sailing,GBR
2008,Sailing,GBR
2008,Sailing,USA
2008,Sailing,NZL
2008,Sailing,CHN
2008,Sailing,GBR
2008,Sailing,ESP
2008,Sailing,GBR
2008,Shooting,CHN
2008,Shooting,CHN
2008,Shooting,CZE
2008,Shooting,IND
2008,Shooting,CHN
2008,Shooting,UKR
2008,Shooting,KOR
2008,Shooting,CHN
2008,Shooting,CHN
2008,Shooting,UKR
2008,Shooting,USA
2008,Shooting,USA
2008,Shooting,ITA
2008,Shooting,CZE
2008,Shooting,FIN
2008,Softball,JPN
2008,Table Tennis,CHN
2008,Table Tennis,CHN
2008,Table Tennis,CHN
2008,Table Tennis,CHN
2008,Taekwondo,CHN
2008,Taekwondo,MEX
2008,Taekwondo,MEX
2008,Taekwondo,KOR
2008,Taekwondo,KOR
2008,Taekwondo,KOR
2008,Taekwondo,KOR
2008,Taekwondo,IRI
2008,Tennis,SUI
2008,Tennis,USA
2008,Tennis,ESP
2008,Tennis,RUS
2008,Triathlon,GER
2008,Triathlon,AUS
2008,Volleyball,USA
2008,Volleyball,USA
2008,Volleyball,USA
2008,Volleyball,BRA
2008,Weightlifting,CHN
2008,Weightlifting,GER
2008,Weightlifting,KOR
2008,Weightlifting,BLR
2008,Weightlifting,CHN
2008,Weightlifting,THA
2008,Weightlifting,CHN
2008,Weightlifting,CHN
2008,Weightlifting,PRK
2008,Weightlifting,CHN
2008,Weightlifting,CHN
2008,Weightlifting,CHN
2008,Weightlifting,KOR
2008,Weightlifting,CHN
2008,Weightlifting,KAZ
2008,Wrestling,CAN
2008,Wrestling,USA
2008,Wrestling,JPN
2008,Wrestling,RUS
2008,Wrestling,JPN
2008,Wrestling,TUR
2008,Wrestling,CHN
2008,Wrestling,RUS
2008,Wrestling,GEO
2008,Wrestling,RUS
2008,Wrestling,UZB
2008,Wrestling,RUS
2008,Wrestling,RUS
2008,Wrestling,FRA
2008,Wrestling,GEO
2008,Wrestling,ITA
2008,Wrestling,RUS
2008,Wrestling,CUB
2016,Aquatics,CAN USA
2016,Hockey,ARG
2016,Judo,ARG
2016,Sailing,ARG
2016,Wrestling,ARM
2016,Modern Pentathlon,AUS
2016,Rowing,AUS
2016,Rugby Sevens,AUS
2016,Sailing,AUS
2016,Shooting,AUS
2016,Aquatics,AUS
2016,Aquatics,AUS
2016,Aquatics,AUS
2016,Taekwondo,AZE
2016,Athletics,BAH
2016,Athletics,BEL
2016,Cycling,BEL
2016,Gymnastics,BLR
2016,Athletics,BRA
2016,Volleyball,BRA
2016,Boxing,BRA
2016,Football,BRA
2016,Judo,BRA
2016,Sailing,BRA
2016,Volleyball,BRA
2016,Athletics,BRN
2016,Athletics,CAN
2016,Gymnastics,CAN
2016,Wrestling,CAN
2016,Athletics,CHN
2016,Athletics,CHN
2016,Badminton,CHN
2016,Badminton,CHN
2016,Cycling,CHN
2016,Aquatics,CHN
2016,Aquatics,CHN
2016,Aquatics,CHN
2016,Aquatics,CHN
2016,Aquatics,CHN
2016,Aquatics,CHN
2016,Aquatics,CHN
2016,Shooting,CHN
2016,Aquatics,CHN
2016,Table Tennis,CHN
2016,Table Tennis,CHN
2016,Table Tennis,CHN
2016,Table Tennis,CHN
2016,Taekwondo,CHN
2016,Taekwondo,CHN
2016,Volleyball,CHN
2016,Weightlifting,CHN
2016,Weightlifting,CHN
2016,Weightlifting,CHN
2016,Weightlifting,CHN
2016,Weightlifting,CHN
2016,Taekwondo,CIV
2016,Athletics,COL
2016,Cycling,COL
2016,Weightlifting,COL
2016,Athletics,CRO
2016,Athletics,CRO
2016,Rowing,CRO
2016,Sailing,CRO
2016,Shooting,CRO
2016,Boxing,CUB
2016,Boxing,CUB
2016,Boxing,CUB
2016,Wrestling,CUB
2016,Wrestling,CUB
2016,Judo,CZE
2016,Handball,DEN
2016,Aquatics,DEN
2016,Athletics,ESP
2016,Badminton,ESP
2016,Sailing,ESP
2016,Sailing,ESP
2016,Sailing,ESP
2016,Aquatics,ESP
2016,Tennis,ESP
2016,Athletics,ETH
2016,Rugby Sevens,FIJ
2016,Boxing,FRA
2016,Boxing,FRA
2016,Canoe Slalom,FRA
2016,Equestrian,FRA
2016,Equestrian,FRA
2016,Fencing,FRA
2016,Judo,FRA
2016,Judo,FRA
2016,Rowing,FRA
2016,Sailing,FRA
2016,Gymnastics,GBR
2016,Gymnastics,GBR
2016,Athletics,GBR
2016,Athletics,GBR
2016,Boxing,GBR
2016,Sailing,GBR
2016,Sailing,GBR
2016,Cycling,GBR
2016,Cycling,GBR
2016,Cycling,GBR
2016,Cycling,GBR
2016,Cycling,GBR
2016,Cycling,GBR
2016,Aquatics,GBR
2016,Equestrian,GBR
2016,Equestrian,GBR
2016,Golf,GBR
2016,Hockey,GBR
2016,Rowing,GBR
2016,Rowing,GBR
2016,Rowing,GBR
2016,Sailing,GBR
2016,Sailing,GBR
2016,Aquatics,GBR
2016,Taekwondo,GBR
2016,Tennis,GBR
2016,Triathlon,GBR
2016,Weightlifting,GEO
2016,Wrestling,GEO
2016,Gymnastics,GER
2016,Athletics,GER
2016,Athletics,GER
2016,Volleyball,GER
2016,Sailing,GER
2016,Sailing,GER
2016,Sailing,GER
2016,Sailing,GER
2016,Cycling,GER
2016,Equestrian,GER
2016,Equestrian,GER
2016,Football,GER
2016,Rowing,GER
2016,Rowing,GER
2016,Shooting,GER
2016,Shooting,GER
2016,Shooting,GER
2016,Gymnastics,GRE
2016,Athletics,GRE
2016,Shooting,GRE
2016,Sailing,HUN
2016,Sailing,HUN
2016,Sailing,HUN
2016,Fencing,HUN
2016,Fencing,HUN
2016,Aquatics,HUN
2016,Aquatics,HUN
2016,Aquatics,HUN
2016,Badminton,INA
2016,Shooting,IOA
2016,Weightlifting,IRI
2016,Weightlifting,IRI
2016,Wrestling,IRI
2016,Cycling,ITA
2016,Fencing,ITA
2016,Judo,ITA
2016,Shooting,ITA
2016,Shooting,ITA
2016,Shooting,ITA
2016,Shooting,ITA
2016,Aquatics,ITA
2016,Athletics,JAM
2016,Athletics,JAM
2016,Athletics,JAM
2016,Athletics,JAM
2016,Athletics,JAM
2016,Athletics,JAM
2016,Taekwondo,JOR
2016,Gymnastics,JPN
2016,Gymnastics,JPN
2016,Badminton,JPN
2016,Judo,JPN
2016,Judo,JPN
2016,Judo,JPN
2016,Aquatics,JPN
2016,Aquatics,JPN
2016,Wrestling,JPN
2016,Wrestling,JPN
2016,Wrestling,JPN
2016,Wrestling,JPN
2016,Boxing,KAZ
2016,Swimming,KAZ
2016,Weightlifting,KAZ
2016,Athletics,KEN
2016,Athletics,KEN
2016,Athletics,KEN
2016,Athletics,KEN
2016,Athletics,KEN
2016,Athletics,KEN
2016,Archery,KOR
2016,Archery,KOR
2016,Archery,KOR
2016,Archery,KOR
2016,Fencing,KOR
2016,Golf,KOR
2016,Shooting,KOR
2016,Taekwondo,KOR
2016,Taekwondo,KOR
2016,Judo,KOS
2016,Gymnastics,NED
2016,Cycling,NED
2016,Cycling,NED
2016,Aquatics,NED
2016,Aquatics,NED
2016,Rowing,NED
2016,Sailing,NED
2016,Sailing,NED
2016,Sailing,NZL
2016,Rowing,NZL
2016,Rowing,NZL
2016,Sailing,NZL
2016,Athletics,POL
2016,Rowing,POL
2016,Gymnastics,PRK
2016,Weightlifting,PRK
2016,Tennis,PUR
2016,Fencing,ROU
2016,Athletics,RSA
2016,Athletics,RSA
2016,Gymnastics,RUS
2016,Boxing,RUS
2016,Fencing,RUS
2016,Fencing,RUS
2016,Fencing,RUS
2016,Fencing,RUS
2016,Handball,RUS
2016,Judo,RUS
2016,Judo,RUS
2016,Pentathlon,RUS
2016,Aquatics,RUS
2016,Aquatics,RUS
2016,Aquatics,RUS
2016,Aquatics,RUS
2016,Tennis,RUS
2016,Wrestling,RUS
2016,Wrestling,RUS
2016,Wrestling,RUS
2016,Wrestling,RUS
2016,Aquatics,SIN
2016,Judo,SLO
2016,Aquatics,SRB
2016,Wrestling,SRB
2016,Cycling,SUI
2016,Cycling,SUI
2016,Rowing,SUI
2016,Athletics,SVK
2016,Sailing,SVK
2016,Cycling,SWE
2016,Aquatics,SWE
2016,Weightlifting,THA
2016,Weightlifting,THA
2016,Athletics,TJK
2016,Weightlifting,TPE
2016,Wrestling,TUR
2016,Gymnastics,UKR
2016,Sailing,UKR
2016,Gymnastics,USA
2016,Gymnastics,USA
2016,Gymnastics,USA
2016,Gymnastics,USA
2016,Athletics,USA
2016,Athletics,USA
2016,Athletics,USA
2016,Athletics,USA
2016,Athletics,USA
2016,Athletics,USA
2016,Athletics,USA
2016,Athletics,USA
2016,Athletics,USA
2016,Athletics,USA
2016,Athletics,USA
2016,Athletics,USA
2016,Athletics,USA
2016,Basketball,USA
2016,Basketball,USA
2016,Boxing,USA
2016,Cycling,USA
2016,Cycling,USA
2016,Judo,USA
2016,Rowing,USA
2016,Shooting,USA
2016,Aquatics,USA
2016,Aquatics,USA
2016,Aquatics,USA
2016,Aquatics,USA
2016,Aquatics,USA
2016,Aquatics,USA
2016,Aquatics,USA
2016,Aquatics,USA
2016,Aquatics,USA
2016,Aquatics,USA
2016,Aquatics,USA
2016,Aquatics,USA
2016,Aquatics,USA
2016,Aquatics,USA
2016,Aquatics,USA
2016,Tennis,USA
2016,Triathlon,USA
2016,Aquatics,USA
2016,Wrestling,USA
2016,Wrestling,USA
2016,Boxing,UZB
2016,Boxing,UZB
2016,Boxing,UZB
2016,Weightlifting,UZB
2016,Shooting,VIE
